-- MySQL Script generated by MySQL Workbench
-- Thu Apr  1 14:43:26 2021
-- Model: New Model    Version: 1.0
-- MySQL Workbench Forward Engineering

SET @OLD_UNIQUE_CHECKS=@@UNIQUE_CHECKS, UNIQUE_CHECKS=0;
SET @OLD_FOREIGN_KEY_CHECKS=@@FOREIGN_KEY_CHECKS, FOREIGN_KEY_CHECKS=0;
SET @OLD_SQL_MODE=@@SQL_MODE, SQL_MODE='ONLY_FULL_GROUP_BY,STRICT_TRANS_TABLES,NO_ZERO_IN_DATE,NO_ZERO_DATE,ERROR_FOR_DIVISION_BY_ZERO,NO_ENGINE_SUBSTITUTION';

-- -----------------------------------------------------
-- Schema cl_sports
-- -----------------------------------------------------

-- -----------------------------------------------------
-- Schema cl_sports
-- -----------------------------------------------------
CREATE SCHEMA IF NOT EXISTS `cl_sports` DEFAULT CHARACTER SET utf8 ;
USE `cl_sports` ;

-- -----------------------------------------------------
-- Table `cl_sports`.`Timeline_Dimension`
-- -----------------------------------------------------
CREATE TABLE IF NOT EXISTS `cl_sports`.`Timeline_Dimension` (
  `TimeID` INT NOT NULL,
  `Date_o` DATE NOT NULL,
  `MonthID` INT NOT NULL,
  `MonthText` VARCHAR(3) NOT NULL,
  `Year_o` INT NOT NULL,
  PRIMARY KEY (`TimeID`))
ENGINE = InnoDB;


-- -----------------------------------------------------
-- Table `cl_sports`.`Address_Dimension`
-- -----------------------------------------------------
CREATE TABLE IF NOT EXISTS `cl_sports`.`Address_Dimension` (
  `AddressID` INT NOT NULL,
  `County` VARCHAR(45) NOT NULL,
  `Address` VARCHAR(45) NOT NULL,
  `Eircode` VARCHAR(8) NOT NULL,
  PRIMARY KEY (`AddressID`))
ENGINE = InnoDB;


-- -----------------------------------------------------
-- Table `cl_sports`.`Customers_Dimension`
-- -----------------------------------------------------
CREATE TABLE IF NOT EXISTS `cl_sports`.`Customers_Dimension` (
  `CustomerID` INT NOT NULL,
  `Fname` VARCHAR(45) NOT NULL,
  `Lname` VARCHAR(45) NOT NULL,
  `Phone_Number` INT NOT NULL,
  `AddressID` INT NOT NULL,
  PRIMARY KEY (`CustomerID`),
  INDEX `fk_Customers Dimension_Adress Dimension_idx` (`AddressID` ASC) VISIBLE,
  CONSTRAINT `fk_Customers Dimension_Adress Dimension`
    FOREIGN KEY (`AddressID`)
    REFERENCES `cl_sports`.`Address_Dimension` (`AddressID`)
    ON DELETE NO ACTION
    ON UPDATE NO ACTION)
ENGINE = InnoDB;


-- -----------------------------------------------------
-- Table `cl_sports`.`Branch_Dimension`
-- -----------------------------------------------------
CREATE TABLE IF NOT EXISTS `cl_sports`.`Branch_Dimension` (
  `BranchID` VARCHAR(3) NOT NULL,
  `City/Town` VARCHAR(45) NOT NULL,
  `County` VARCHAR(45) NOT NULL,
  PRIMARY KEY (`BranchID`))
ENGINE = InnoDB;


-- -----------------------------------------------------
-- Table `cl_sports`.`Item_Dimension`
-- -----------------------------------------------------
CREATE TABLE IF NOT EXISTS `cl_sports`.`Item_Dimension` (
  `ItemID` VARCHAR(6) NOT NULL,
  `Brand` VARCHAR(45) NOT NULL,
  `SportsCategory` VARCHAR(45) NOT NULL,
  `Item_Type` VARCHAR(45) NOT NULL,
  `Model_Name` VARCHAR(45) NOT NULL,
  `Quantity` INT NOT NULL,
  `Price` DECIMAL(5,2) NOT NULL,
  `BranchID` VARCHAR(3) NOT NULL,
  PRIMARY KEY (`ItemID`),
  INDEX `fk_Item Dimension_Branch Dimensional1_idx` (`BranchID` ASC) VISIBLE,
  CONSTRAINT `fk_Item Dimension_Branch Dimensional1`
    FOREIGN KEY (`BranchID`)
    REFERENCES `cl_sports`.`Branch_Dimension` (`BranchID`)
    ON DELETE NO ACTION
    ON UPDATE NO ACTION)
ENGINE = InnoDB;


-- -----------------------------------------------------
-- Table `cl_sports`.`Purchase_Orders_Dimension`
-- -----------------------------------------------------
CREATE TABLE IF NOT EXISTS `cl_sports`.`Purchase_Orders_Dimension` (
  `OrderID` VARCHAR(9) NOT NULL,
  `ScheduledShippingDate` DATE NOT NULL,
  `ActualShippingDate` DATE NOT NULL,
  PRIMARY KEY (`OrderID`))
ENGINE = InnoDB;


-- -----------------------------------------------------
-- Table `cl_sports`.`CL_SPORTS_Fact_Table`
-- -----------------------------------------------------
CREATE TABLE IF NOT EXISTS `cl_sports`.`CL_SPORTS_Fact_Table` (
  `CustomerID` INT NOT NULL,
  `OrderID` VARCHAR(9) NOT NULL,
  `ItemID` VARCHAR(6) NOT NULL,
  `TimeID` INT NOT NULL,
  INDEX `fk_Orders Fact Table_Customers Dimension1_idx` (`CustomerID` ASC) VISIBLE,
  INDEX `fk_Orders Fact Table_Purchase Orders Dimension1_idx` (`OrderID` ASC) VISIBLE,
  INDEX `fk_Orders Fact Table_Item Dimension1_idx` (`ItemID` ASC) VISIBLE,
  INDEX `fk_Orders Fact Table_Timeline Dimension1_idx` (`TimeID` ASC) VISIBLE,
  CONSTRAINT `fk_Orders Fact Table_Customers Dimension1`
    FOREIGN KEY (`CustomerID`)
    REFERENCES `cl_sports`.`Customers_Dimension` (`CustomerID`)
    ON DELETE NO ACTION
    ON UPDATE NO ACTION,
  CONSTRAINT `fk_Orders Fact Table_Purchase Orders Dimension1`
    FOREIGN KEY (`OrderID`)
    REFERENCES `cl_sports`.`Purchase_Orders_Dimension` (`OrderID`)
    ON DELETE NO ACTION
    ON UPDATE NO ACTION,
  CONSTRAINT `fk_Orders Fact Table_Item Dimension1`
    FOREIGN KEY (`ItemID`)
    REFERENCES `cl_sports`.`Item_Dimension` (`ItemID`)
    ON DELETE NO ACTION
    ON UPDATE NO ACTION,
  CONSTRAINT `fk_Orders Fact Table_Timeline Dimension1`
    FOREIGN KEY (`TimeID`)
    REFERENCES `cl_sports`.`Timeline_Dimension` (`TimeID`)
    ON DELETE NO ACTION
    ON UPDATE NO ACTION)
ENGINE = InnoDB;


SET SQL_MODE=@OLD_SQL_MODE;
SET FOREIGN_KEY_CHECKS=@OLD_FOREIGN_KEY_CHECKS;
SET UNIQUE_CHECKS=@OLD_UNIQUE_CHECKS;


/*------------------------------------------------------------------
Inserting Data
------------------------------------------------------------------*/

/*----------------------------------------------------------------------------
Insert data into `cl_sports`.`Timeline_Dimension` Table
------------------------------------------------------------------------------*/
INSERT INTO  `cl_sports`.`Timeline_Dimension` VALUES (
"777701", "2019-01-15", 01, "JAN" , 2019
);

INSERT INTO  `cl_sports`.`Timeline_Dimension` VALUES (
"777702", "2019-03-09", 03, "MAR" , 2019
);

INSERT INTO  `cl_sports`.`Timeline_Dimension` VALUES (
"777703", "2019-05-29", 05, "MAY" , 2019
);

INSERT INTO  `cl_sports`.`Timeline_Dimension` VALUES (
"777704", "2019-08-02", 08, "AUG" , 2019
);

INSERT INTO  `cl_sports`.`Timeline_Dimension` VALUES (
"777705", "2019-11-11", 11, "NOV" , 2019
);

INSERT INTO  `cl_sports`.`Timeline_Dimension` VALUES (
"777706", "2019-11-20", 11, "NOV" , 2019
);

INSERT INTO  `cl_sports`.`Timeline_Dimension` VALUES (
"777707", "2019-11-27", 11, "NOV" , 2019
);

INSERT INTO  `cl_sports`.`Timeline_Dimension` VALUES (
"777708", "2019-11-30", 11, "NOV" , 2019
);

INSERT INTO  `cl_sports`.`Timeline_Dimension` VALUES (
"777709", "2019-12-10", 12, "DEC" , 2019
);

INSERT INTO  `cl_sports`.`Timeline_Dimension` VALUES (
"777710", "2019-12-16", 12, "DEC" , 2019
);

INSERT INTO  `cl_sports`.`Timeline_Dimension` VALUES (
"777711", "2020-02-27", 02, "FEB" , 2020
);

INSERT INTO  `cl_sports`.`Timeline_Dimension` VALUES (
"777712", "2020-06-13", 06, "JUN" , 2020
);

INSERT INTO  `cl_sports`.`Timeline_Dimension` VALUES (
"777713", "2020-09-04", 09, "SEP" , 2020
);

INSERT INTO  `cl_sports`.`Timeline_Dimension` VALUES (
"777714", "2020-10-12", 10, "OCT" , 2020
);

INSERT INTO  `cl_sports`.`Timeline_Dimension` VALUES (
"777715", "2020-11-20", 11, "NOV" , 2020
);

INSERT INTO  `cl_sports`.`Timeline_Dimension` VALUES (
"777716", "2020-11-29", 11, "NOV" , 2020
);

INSERT INTO  `cl_sports`.`Timeline_Dimension` VALUES (
"777717", "2020-12-08", 12, "DEC" , 2020
);

INSERT INTO  `cl_sports`.`Timeline_Dimension` VALUES (
"777718", "2020-12-18", 12, "DEC" , 2020
);

INSERT INTO  `cl_sports`.`Timeline_Dimension` VALUES (
"777719", "2020-12-20", 12, "DEC" , 2020
);

INSERT INTO  `cl_sports`.`Timeline_Dimension` VALUES (
"777720", "2020-12-23", 12, "DEC" , 2020
);

/*----------------------------------------------------------------------------
Insert data into `cl_sports`.`Address_Dimension` Table
------------------------------------------------------------------------------*/

INSERT INTO `cl_sports`.`Address_Dimension`VALUES (
"111111", "Dublin", "76 Hill Drive, Artane", "D05 GH21"
);

INSERT INTO `cl_sports`.`Address_Dimension`VALUES (
"111112", "Dublin", "92 Rune Drive, Coolock", "D06 RT72"
);

INSERT INTO `cl_sports`.`Address_Dimension`VALUES (
"111113", "Dublin", "14 Willow Drive, Santry", "D17 FC52"
);

INSERT INTO `cl_sports`.`Address_Dimension`VALUES (
"111114", "Dublin", "12 Eastview Drive, Kilbarack", "D04 TG62"
);

INSERT INTO `cl_sports`.`Address_Dimension`VALUES (
"111115", "Dublin", "90 Sparrow Street, Tallaght", "D15 XF59"
);

INSERT INTO `cl_sports`.`Address_Dimension`VALUES (
"111116", "Dublin", "10 Harris Street, Ringsend", "D03 KT81"
);

INSERT INTO `cl_sports`.`Address_Dimension`VALUES (
"111117", "Dublin", "42 Harris Street, Ringsend", "D03 LN93"
);

INSERT INTO `cl_sports`.`Address_Dimension`VALUES (
"111118", "Dublin", "61 Greenwood Avenue, Balbriggan", "D02 FN03"
);

INSERT INTO `cl_sports`.`Address_Dimension`VALUES (
"111119", "Dublin", "72 Jenson Lane, Blanchardstown", "D11 JB74"
);

INSERT INTO `cl_sports`.`Address_Dimension`VALUES (
"111120", "Dublin", "68 Jenson Lane, Blanchardstown", "D11 TX29"
);

INSERT INTO `cl_sports`.`Address_Dimension`VALUES (
"111121", "Dublin", "6 Clay Street, Raheny", "D12 JK82"
);

INSERT INTO `cl_sports`.`Address_Dimension`VALUES (
"111122", "Dublin", "41 Link Road, Rush", "D21 KL02"
);

INSERT INTO `cl_sports`.`Address_Dimension`VALUES (
"111123", "Dublin", "7 Gill Drive, Finglas", "D18 MW16"
);

INSERT INTO `cl_sports`.`Address_Dimension`VALUES (
"111124", "Dublin", "78 Sparrow Street, Tallaght", "D15 RF30"
);

INSERT INTO `cl_sports`.`Address_Dimension`VALUES (
"111125", "Dublin", "45 Fork Lane, Artane", "D05 JD15"
);

INSERT INTO `cl_sports`.`Address_Dimension`VALUES (
"111126", "Dublin", "38 Harp Street, Raheny", "D12 WD21"
);

INSERT INTO `cl_sports`.`Address_Dimension`VALUES (
"111127", "Dublin", "81 Gardener Street, Blanchardstown", "D11 KR11"
);

INSERT INTO `cl_sports`.`Address_Dimension`VALUES (
"111128", "Dublin", "7 Curb Drive, Coolock", "D06 DK21"
);

INSERT INTO `cl_sports`.`Address_Dimension`VALUES (
"111129", "Dublin", "19 Fern Avenue, Raheny", "D12 TK78"
);

INSERT INTO `cl_sports`.`Address_Dimension`VALUES (
"111130", "Dublin", "65 Huntsman Road, Ballymun", "D20 DM24"
);


/*----------------------------------------------------------------------------
Insert data into  `cl_sports`.`Customers_Dimension` Table
------------------------------------------------------------------------------*/
INSERT INTO `cl_sports`.`Customers_Dimension` VALUES (
"000001", "Jessica", "McGeady", "0835551321", 111111
);

INSERT INTO `cl_sports`.`Customers_Dimension` VALUES (
"000002", "Kim", "McGowan", "0835340321", 111112
);

INSERT INTO `cl_sports`.`Customers_Dimension` VALUES (
"000003", "Wilfred", "Keely", "0893372102", 111113
);

INSERT INTO `cl_sports`.`Customers_Dimension` VALUES (
"000004", "Brian", "Moon", "0831300432", 111114
);

INSERT INTO `cl_sports`.`Customers_Dimension` VALUES (
"000005", "Jim", "Gunn", "0856626300", 111115
);

INSERT INTO `cl_sports`.`Customers_Dimension` VALUES (
"000006", "Aidan", "Barlow", "0854671324", 111116
);

INSERT INTO `cl_sports`.`Customers_Dimension` VALUES (
"000007", "Lily", "Price", "0872990325", 111117
);

INSERT INTO`cl_sports`.`Customers_Dimension` VALUES (
"000008", "Zach", "Lynch", "0890084358", 111118
);

INSERT INTO`cl_sports`.`Customers_Dimension` VALUES (
"000009", "Mary", "Long", "086666310", 111119
);

INSERT INTO `cl_sports`.`Customers_Dimension` VALUES (
"000010", "Quincy", "Quinn", "0876444302", 111120
);

INSERT INTO `cl_sports`.`Customers_Dimension` VALUES (
"000011", "Sean", "O'Driscoll", "0836547331", 111121
);

INSERT INTO `cl_sports`.`Customers_Dimension` VALUES (
"000012", "Billy", "Harold", "0858822194", 111122
);

INSERT INTO `cl_sports`.`Customers_Dimension` VALUES (
"000013", "Chris", "Reed", "0894355321", 111123
);

INSERT INTO `cl_sports`.`Customers_Dimension` VALUES (
"000014", "James", "Sloan", "0867543026", 111124
);

INSERT INTO `cl_sports`.`Customers_Dimension` VALUES (
"000015", "Greta", "Woods", "0876333520", 111125
);

INSERT INTO `cl_sports`.`Customers_Dimension` VALUES (
"000016", "Conor", "Leads", "0856251053", 111126
);

INSERT INTO `cl_sports`.`Customers_Dimension` VALUES (
"000017", "Sarah", "Grant", "0836544439", 111127
);

INSERT INTO `cl_sports`.`Customers_Dimension` VALUES (
"000018", "Joseph", "Hunt", "0898366420", 111128
);

INSERT INTO `cl_sports`.`Customers_Dimension` VALUES (
"000019", "Lee", "Harford", "0862833099", 111129
);

INSERT INTO `cl_sports`.`Customers_Dimension` VALUES (
"000020", "Linda", "Medley", "0878854603", 111130 
);

/*----------------------------------------------------------------------------
Insert data into  `cl_sports`.`Branch_Dimension` Table
------------------------------------------------------------------------------*/

INSERT INTO `cl_sports`.`Branch_Dimension` VALUES (
"D01", "Blanchardstown", "Dublin"
);

INSERT INTO `cl_sports`.`Branch_Dimension` VALUES (
"D02", "Raheny", "Dublin"
);

INSERT INTO `cl_sports`.`Branch_Dimension` VALUES (
"D03", "Ringsend", "Dublin"
);

/*----------------------------------------------------------------------------
Insert data into  `cl_sports`.`Item_Dimension` Table
------------------------------------------------------------------------------*/

INSERT INTO `cl_sports`.`Item_Dimension` VALUES(
"CL1101", "Adidas", "Soccer", "Footwear", "Adult X 20.2 Firm Ground", 15, 130.00, "D02"
);

INSERT INTO `cl_sports`.`Item_Dimension` VALUES(
"CL1102", "Nike", "Soccer", "Training Range", "Premier League 20/21 Strike Football", 21, 28.00, "D01"
);

INSERT INTO `cl_sports`.`Item_Dimension` VALUES(
"CL1103", "Nike", "Soccer", "Footwear", "Adults Mercurial Vapor 13 Academy Firm Ground", 14, 50.00, "D03"
);

INSERT INTO `cl_sports`.`Item_Dimension` VALUES(
"CL1104", "Under Armour", "Soccer", "Clothing", "Mens MK1 Warmup Pant", 16, 40.00, "D02"
);

INSERT INTO `cl_sports`.`Item_Dimension` VALUES(
"CL1105", "Under Armour", "Soccer", "Footwear", "Adult Cold Gear Armour Long Sleeve Top", 22, 30.00, "D02"
);

INSERT INTO `cl_sports`.`Item_Dimension` VALUES(
"CL1106", "Adidas", "Soccer", "Clothing", "Adult Juventus 20/21 Home Jersey", 19, 50.00, "D03"
);

INSERT INTO `cl_sports`.`Item_Dimension` VALUES(
"CL1107", "Nike", "Soccer", "Clothing", "Adult PSG 20/21 Home Jersey", 12, 50.00, "D01"
);

INSERT INTO `cl_sports`.`Item_Dimension` VALUES(
"CL1108", "Nike", "Soccer", "Clothing", "Adult Liverpool 20/21 Home Jersey", 3, 40.00, "D03"
);

INSERT INTO `cl_sports`.`Item_Dimension` VALUES(
"CL1109", "Puma", "Soccer", "Clothing", "Adult Man City 20/21 Home Jersey", 14, 45.00, "D02"
);

INSERT INTO `cl_sports`.`Item_Dimension` VALUES(
"CL1110", "Adidas", "Soccer", "Clothing", "Adult Man Utd 20/21 Home Jersey", 7, 60.00, "D01"
);

INSERT INTO `cl_sports`.`Item_Dimension` VALUES(
"CL1111", "Adidas", "Rugby", "Clothing", "Adult Leinster 20/21 Home Jersey", 10, 45.00, "D01"
);

INSERT INTO `cl_sports`.`Item_Dimension` VALUES(
"CL1112", "Adidas", "Rugby", "Clothing", "Adult Leinster 20/21 Home Jersey", 15, 55.00, "D02"
);

INSERT INTO `cl_sports`.`Item_Dimension` VALUES(
"CL1113", "Rhino", "Rugby", "Training Range", "Leinster Supporters Rugby Ball", 29, 15.00, "D01"
);

INSERT INTO `cl_sports`.`Item_Dimension` VALUES(
"CL1114", "Addidas", "Rugby", "Footwear", "Adults Predator Malice Control Soft Ground", 11, 110.00, "D01"
);

INSERT INTO `cl_sports`.`Item_Dimension` VALUES(
"CL1115", "Adidas", "Rugby", "Footwear", "Adults Malice Firm Ground", 13, 40.00, "D02"
);

INSERT INTO `cl_sports`.`Item_Dimension` VALUES(
"CL1116", "O'Neills", "GAA", "Training Range", "GAA Gloves", 30, 25.00, "D03"
);

INSERT INTO `cl_sports`.`Item_Dimension` VALUES(
"CL1117", "O'Neills", "GAA", "Training Range", "Inter County Football", 28, 20.00, "D02"
);

INSERT INTO `cl_sports`.`Item_Dimension` VALUES(
"CL1118", "O'Neills", "GAA", "Clothing", "Kids Dublin 20/21 Home Jersey", 23, 50.00, "D01"
);

INSERT INTO `cl_sports`.`Item_Dimension` VALUES(
"CL1119", "O'Neills", "GAA", "Clothing", "Adult Dublin Polo Shirt", 12, 30.00, "D01"
);

INSERT INTO `cl_sports`.`Item_Dimension` VALUES(
"CL1120", "O'Neills", "GAA", "Clothing", "Mens Dublin Full Zip Hooded Jacket", 23, 70.00, "D01"
);

/*----------------------------------------------------------------------------
Insert data into  `cl_sports`.`Purchase_Orders_Dimension` Table
------------------------------------------------------------------------------*/

INSERT INTO `cl_sports`.`Purchase_Orders_Dimension` VALUES (
"#73280601", "2019-01-17", "2019-01-18"
);

INSERT INTO `cl_sports`.`Purchase_Orders_Dimension` VALUES (
"#87493202", "2019-03-11", "2019-03-11"
);

INSERT INTO `cl_sports`.`Purchase_Orders_Dimension` VALUES (
"#33281030", "2019-05-30", "2019-05-30"
);

INSERT INTO `cl_sports`.`Purchase_Orders_Dimension` VALUES (
"#66391046", "2019-08-04", "2019-08-05"
);

INSERT INTO `cl_sports`.`Purchase_Orders_Dimension` VALUES (
"#98341059", "2019-11-14", "2019-11-17"
);

INSERT INTO `cl_sports`.`Purchase_Orders_Dimension` VALUES (
"#78552306", "2019-11-22", "2019-11-25"
);

INSERT INTO `cl_sports`.`Purchase_Orders_Dimension` VALUES (
"#65831907", "2019-11-29", "2019-11-30"
);

INSERT INTO `cl_sports`.`Purchase_Orders_Dimension` VALUES (
"#88863108", "2019-12-02", "2019-12-04"
);

INSERT INTO `cl_sports`.`Purchase_Orders_Dimension` VALUES (
"#87664509", "2019-12-12", "2019-12-15"
);

INSERT INTO `cl_sports`.`Purchase_Orders_Dimension` VALUES (
"#71132910", "2019-12-19", "2019-12-23"
);

INSERT INTO `cl_sports`.`Purchase_Orders_Dimension` VALUES (
"#44743112", "2020-03-01", "2020-03-01"
);

INSERT INTO `cl_sports`.`Purchase_Orders_Dimension` VALUES (
"#23397512", "2020-06-14", "2020-06-14"
);

INSERT INTO `cl_sports`.`Purchase_Orders_Dimension` VALUES (
"#89039513", "2020-09-06", "2020-09-07"
);

INSERT INTO `cl_sports`.`Purchase_Orders_Dimension` VALUES (
"#78803914", "2020-10-14", "2020-10-14"
);

INSERT INTO `cl_sports`.`Purchase_Orders_Dimension` VALUES (
"#66320415", "2020-11-21", "2020-11-23"
);

INSERT INTO `cl_sports`.`Purchase_Orders_Dimension` VALUES (
"#77862916", "2020-11-30", "2020-11-30"
);

INSERT INTO `cl_sports`.`Purchase_Orders_Dimension` VALUES (
"#84473217", "2020-12-10", "2020-12-13"
);

INSERT INTO `cl_sports`.`Purchase_Orders_Dimension` VALUES (
"#74993418", "2020-12-21", "2020-12-23"
);

INSERT INTO `cl_sports`.`Purchase_Orders_Dimension` VALUES (
"#44058240", "2020-12-23", "2020-12-28"
);

INSERT INTO `cl_sports`.`Purchase_Orders_Dimension` VALUES (
"#98366719", "2020-12-28", "2020-12-31"
);

/*----------------------------------------------------------------------------
Insert data into  `cl_sports`.`CL_SPORTS_Fact_Table` Table
------------------------------------------------------------------------------*/

INSERT INTO `cl_sports`.`CL_SPORTS_Fact_Table` VALUES (
"000001", "#73280601", "CL1108" ,"777701"
);

INSERT INTO `cl_sports`.`CL_SPORTS_Fact_Table` VALUES (
"000002", "#87493202", "CL1107", "777702"
);

INSERT INTO `cl_sports`.`CL_SPORTS_Fact_Table` VALUES (
"000003", "#33281030", "CL1102", "777703"
);

INSERT INTO `cl_sports`.`CL_SPORTS_Fact_Table` VALUES (
"000004", "#66391046", "CL1102","777704" 
);

INSERT INTO `cl_sports`.`CL_SPORTS_Fact_Table` VALUES (
"000005", "#98341059", "CL1110","777705" 
);

INSERT INTO `cl_sports`.`CL_SPORTS_Fact_Table` VALUES (
"000006", "#78552306",  "CL1113","777706"
);

INSERT INTO `cl_sports`.`CL_SPORTS_Fact_Table` VALUES (
"000007", "#65831907", "CL1114","777707" 
);

INSERT INTO `cl_sports`.`CL_SPORTS_Fact_Table` VALUES (
"000008", "#88863108", "CL1111" , "777708"
);

INSERT INTO `cl_sports`.`CL_SPORTS_Fact_Table` VALUES (
"000009", "#87664509", "CL1118" ,"777709" 
);

INSERT INTO `cl_sports`.`CL_SPORTS_Fact_Table` VALUES (
"000010", "#71132910", "CL1116", "777710"
);

INSERT INTO  `cl_sports`.`CL_SPORTS_Fact_Table` VALUES (
"000011", "#44743112","CL1108" , "777711"
);

INSERT INTO  `cl_sports`.`CL_SPORTS_Fact_Table` VALUES (
"000012", "#23397512",  "CL1101" , "777712"
);

INSERT INTO  `cl_sports`.`CL_SPORTS_Fact_Table` VALUES (
"000013", "#89039513",  "CL1108", "777713"
);

INSERT INTO  `cl_sports`.`CL_SPORTS_Fact_Table` VALUES (
"000014", "#78803914",  "CL1109" , "777714"
);

INSERT INTO  `cl_sports`.`CL_SPORTS_Fact_Table` VALUES (
"000015", "#66320415",  "CL1110" , "777715"
);

INSERT INTO  `cl_sports`.`CL_SPORTS_Fact_Table` VALUES (
"000016", "#77862916",  "CL1113" , "777716"
);

INSERT INTO  `cl_sports`.`CL_SPORTS_Fact_Table` VALUES (
"000017", "#84473217",  "CL1115" , "777717"
);

INSERT INTO  `cl_sports`.`CL_SPORTS_Fact_Table` VALUES (
"000018", "#74993418",  "CL1111" , "777718"
);

INSERT INTO  `cl_sports`.`CL_SPORTS_Fact_Table` VALUES (
"000019", "#44058240",  "CL1118" , "777719"
);

INSERT INTO  `cl_sports`.`CL_SPORTS_Fact_Table` VALUES (
"000020", "#98366719",  "CL1119" , "777720"
);